date,home,away,city,altitude_m,conditions,P_home_win,P_draw,P_away_win,predicted
2026-06-11,Mexico,South Africa,Mexico City,2240,"open, ~24C",0.796,0.164,0.04,Mexico
2026-06-11,South Korea,Czech Republic,Zapopan,1550,"open, ~30C",0.461,0.32,0.219,South Korea
2026-06-12,United States,Paraguay,Inglewood,30,roofed/AC,0.313,0.265,0.422,Paraguay
2026-06-12,Canada,Bosnia and Herzegovina,Toronto,76,"open, ~25C",0.763,0.169,0.068,Canada
2026-06-13,Qatar,Switzerland,Santa Clara,25,"open, ~24C",0.087,0.207,0.707,Switzerland
2026-06-13,Brazil,Morocco,East Rutherford,3,"open, ~28C",0.41,0.343,0.247,Brazil
2026-06-13,Haiti,Scotland,Foxborough,89,"open, ~26C",0.194,0.282,0.524,Scotland
2026-06-13,Australia,Turkey,Vancouver,5,roofed/AC,0.263,0.314,0.423,Turkey
2026-06-14,Germany,Curaçao,Houston,15,roofed/AC,0.846,0.104,0.049,Germany
2026-06-14,Ivory Coast,Ecuador,Philadelphia,12,"open, ~29C",0.153,0.28,0.566,Ecuador
2026-06-14,Netherlands,Japan,Arlington,180,roofed/AC,0.373,0.29,0.336,Netherlands
2026-06-14,Sweden,Tunisia,Guadalupe,540,"open, ~35C",0.41,0.304,0.286,Sweden
2026-06-15,Belgium,Egypt,Seattle,5,"open, ~21C",0.549,0.22,0.231,Belgium
2026-06-15,Iran,New Zealand,Inglewood,30,roofed/AC,0.509,0.275,0.216,Iran
2026-06-15,Spain,Cape Verde,Atlanta,300,roofed/AC,0.873,0.098,0.029,Spain
2026-06-15,Saudi Arabia,Uruguay,Miami Gardens,3,"open, ~32C",0.127,0.254,0.619,Uruguay
2026-06-16,Austria,Jordan,Santa Clara,25,"open, ~24C",0.552,0.253,0.195,Austria
2026-06-16,Argentina,Algeria,Kansas City,270,"open, ~31C",0.713,0.196,0.091,Argentina
2026-06-16,France,Senegal,East Rutherford,3,"open, ~28C",0.643,0.213,0.144,France
2026-06-16,Iraq,Norway,Foxborough,89,"open, ~26C",0.154,0.248,0.598,Norway
2026-06-17,Portugal,DR Congo,Houston,15,roofed/AC,0.714,0.186,0.1,Portugal
2026-06-17,Uzbekistan,Colombia,Mexico City,2240,"open, ~24C",0.165,0.255,0.58,Colombia
2026-06-17,England,Croatia,Arlington,180,roofed/AC,0.531,0.27,0.199,England
2026-06-17,Ghana,Panama,Toronto,76,"open, ~25C",0.155,0.262,0.584,Panama
2026-06-18,Canada,Qatar,Vancouver,5,roofed/AC,0.842,0.115,0.043,Canada
2026-06-18,Czech Republic,South Africa,Atlanta,300,roofed/AC,0.634,0.198,0.168,Czech Republic
2026-06-18,Mexico,South Korea,Zapopan,1550,"open, ~30C",0.585,0.275,0.14,Mexico
2026-06-18,Switzerland,Bosnia and Herzegovina,Inglewood,30,roofed/AC,0.783,0.145,0.072,Switzerland
2026-06-19,Turkey,Paraguay,Santa Clara,25,"open, ~24C",0.443,0.25,0.307,Turkey
2026-06-19,United States,Australia,Seattle,5,"open, ~21C",0.373,0.278,0.349,United States
2026-06-19,Scotland,Morocco,Foxborough,89,"open, ~26C",0.232,0.343,0.425,Morocco
2026-06-19,Brazil,Haiti,Philadelphia,12,"open, ~29C",0.787,0.118,0.095,Brazil
2026-06-20,Tunisia,Japan,Guadalupe,540,"open, ~35C",0.16,0.247,0.593,Japan
2026-06-20,Germany,Ivory Coast,Toronto,76,"open, ~25C",0.697,0.199,0.103,Germany
2026-06-20,Ecuador,Curaçao,Kansas City,270,"open, ~31C",0.831,0.12,0.049,Ecuador
2026-06-20,Netherlands,Sweden,Houston,15,roofed/AC,0.675,0.218,0.107,Netherlands
2026-06-21,Spain,Saudi Arabia,Atlanta,300,roofed/AC,0.86,0.102,0.038,Spain
2026-06-21,Uruguay,Cape Verde,Miami Gardens,3,"open, ~32C",0.753,0.172,0.074,Uruguay
2026-06-21,Belgium,Iran,Inglewood,30,roofed/AC,0.458,0.24,0.302,Belgium
2026-06-21,New Zealand,Egypt,Vancouver,5,roofed/AC,0.283,0.279,0.438,Egypt
2026-06-22,Jordan,Algeria,Santa Clara,25,"open, ~24C",0.267,0.306,0.427,Algeria
2026-06-22,Argentina,Austria,Arlington,180,roofed/AC,0.626,0.279,0.095,Argentina
2026-06-22,France,Iraq,Philadelphia,12,"open, ~29C",0.728,0.177,0.095,France
2026-06-22,Norway,Senegal,East Rutherford,3,"open, ~28C",0.555,0.249,0.196,Norway
2026-06-23,Portugal,Uzbekistan,Houston,15,roofed/AC,0.625,0.217,0.159,Portugal
2026-06-23,Colombia,DR Congo,Zapopan,1550,"open, ~30C",0.794,0.106,0.1,Colombia
2026-06-23,England,Ghana,Foxborough,89,"open, ~26C",0.888,0.091,0.021,England
2026-06-23,Panama,Croatia,Toronto,76,"open, ~25C",0.237,0.28,0.483,Croatia
2026-06-24,Bosnia and Herzegovina,Qatar,Seattle,5,"open, ~21C",0.547,0.27,0.183,Bosnia and Herzegovina
2026-06-24,Mexico,Czech Republic,Mexico City,2240,"open, ~24C",0.683,0.228,0.089,Mexico
2026-06-24,South Africa,South Korea,Guadalupe,540,"open, ~35C",0.161,0.291,0.548,South Korea
2026-06-24,Canada,Switzerland,Vancouver,5,roofed/AC,0.407,0.314,0.278,Canada
2026-06-24,Scotland,Brazil,Miami Gardens,3,"open, ~32C",0.174,0.277,0.549,Brazil
2026-06-24,Morocco,Haiti,Atlanta,300,roofed/AC,0.741,0.176,0.083,Morocco
2026-06-25,Ecuador,Germany,East Rutherford,3,"open, ~28C",0.399,0.323,0.278,Ecuador
2026-06-25,Curaçao,Ivory Coast,Philadelphia,12,"open, ~29C",0.207,0.248,0.545,Ivory Coast
2026-06-25,Japan,Sweden,Arlington,180,roofed/AC,0.633,0.252,0.115,Japan
2026-06-25,United States,Turkey,Inglewood,30,roofed/AC,0.267,0.296,0.436,Turkey
2026-06-25,Paraguay,Australia,Santa Clara,25,"open, ~24C",0.389,0.312,0.299,Paraguay
2026-06-25,Tunisia,Netherlands,Kansas City,270,"open, ~31C",0.16,0.245,0.595,Netherlands
2026-06-26,Uruguay,Spain,Zapopan,1550,"open, ~30C",0.195,0.261,0.545,Spain
2026-06-26,Cape Verde,Saudi Arabia,Houston,15,roofed/AC,0.305,0.274,0.421,Saudi Arabia
2026-06-26,Norway,France,Foxborough,89,"open, ~26C",0.248,0.305,0.447,France
2026-06-26,Egypt,Iran,Seattle,5,"open, ~21C",0.273,0.287,0.44,Iran
2026-06-26,New Zealand,Belgium,Vancouver,5,roofed/AC,0.241,0.191,0.569,Belgium
2026-06-26,Senegal,Iraq,Toronto,76,"open, ~25C",0.545,0.264,0.191,Senegal
2026-06-27,DR Congo,Uzbekistan,Atlanta,300,roofed/AC,0.267,0.299,0.434,Uzbekistan
2026-06-27,Colombia,Portugal,Miami Gardens,3,"open, ~32C",0.34,0.293,0.367,Portugal
2026-06-27,Panama,England,East Rutherford,3,"open, ~28C",0.163,0.229,0.608,England
2026-06-27,Algeria,Austria,Kansas City,270,"open, ~31C",0.332,0.305,0.364,Austria
2026-06-27,Jordan,Argentina,Arlington,180,roofed/AC,0.124,0.236,0.64,Argentina
2026-06-27,Croatia,Ghana,Philadelphia,12,"open, ~29C",0.793,0.139,0.068,Croatia
